cell_id,x,y,greenness,wetness,heat,dryness,forest_cover,soil_organic_carbon,slope,precipitation,elevation,mining_distance,mrsei_endpoint
0,77.4,73.67,0.2434,0.4359,0.7056,0.1203,0.8292,19.49,25.06,1213.2,340.0,1.37,0.1977
1,43.89,88.64,0.5208,0.5803,0.4678,0.5098,0.5941,24.97,12.5,1518.5,829.2,4.055,0.6333
2,85.86,92.11,0.2903,0.2855,0.7718,0.6703,0.2449,5.02,29.82,1632.7,943.5,0.902,0.0726
3,69.74,50.36,0.3066,0.3125,0.5905,0.5975,0.7457,27.57,8.43,1522.3,283.3,5.008,0.3992
4,9.42,52.03,0.6426,0.5061,0.2695,0.2663,0.0845,30.14,18.84,1291.5,148.2,6.999,0.5253
5,97.56,79.99,0.475,0.3529,0.7311,0.132,0.7744,24.85,6.44,1478.2,583.5,2.9,0.4676
6,76.11,31.45,0.8453,0.4683,0.4936,0.6642,0.59,22.38,17.34,1488.2,951.4,1.348,0.4105
7,78.61,83.74,0.4234,0.3299,0.285,0.6622,0.1108,33.35,5.34,1331.4,815.9,3.2,0.4113
8,12.81,49.41,0.7083,0.2077,0.2916,0.4194,0.0795,28.85,5.66,1729.4,872.1,6.288,0.6147
9,45.04,11.59,0.5228,0.4726,0.6125,0.4854,0.7508,14.73,21.43,1425.0,543.1,4.732,0.8687
10,37.08,7.21,0.662,0.1656,0.2284,0.3776,0.2929,38.57,9.23,1612.3,358.4,0.809,0.7912
11,92.68,84.2,0.6198,0.1993,0.372,0.3519,0.8893,29.75,6.03,1561.0,685.0,4.297,0.4632
12,64.39,5.56,0.5309,0.4134,0.2839,0.1717,0.7621,39.58,32.54,1814.2,324.8,3.745,0.5792
13,82.28,28.06,0.865,0.4736,0.4646,0.1581,0.6982,38.99,1.51,1285.4,898.9,2.617,0.6199
14,44.34,33.41,0.4399,0.5473,0.4486,0.2396,0.2786,37.16,19.78,1280.0,316.7,0.881,0.5625
15,22.72,17.3,0.3241,0.2363,0.5131,0.602,0.7089,31.44,19.19,1410.2,420.4,7.849,0.8789
16,55.46,31.39,0.6747,0.1554,0.3678,0.1875,0.9481,26.33,8.77,1501.9,657.2,1.408,0.7094
17,6.38,74.27,0.7922,0.578,0.2192,0.236,0.0916,11.03,15.85,1409.0,635.4,1.542,0.3713
18,82.76,1.47,0.2282,0.1772,0.5686,0.4292,0.3262,24.02,3.07,1734.2,760.9,1.165,0.5431
19,63.17,82.72,0.5147,0.1988,0.4242,0.2291,0.2347,31.79,25.24,1371.7,581.2,4.562,0.3398
20,75.81,85.65,0.8247,0.2457,0.5908,0.1979,0.3933,23.23,7.76,1259.3,1111.4,3.549,0.3319
21,35.45,37.23,0.7247,0.3647,0.2652,0.438,0.7423,35.39,6.77,1489.7,1023.9,1.996,0.7587
22,97.07,15.36,0.8943,0.5414,0.2083,0.3209,0.4742,8.84,11.02,1741.4,1067.0,3.435,0.5098
23,89.31,60.08,0.572,0.4803,0.349,0.4757,0.5707,18.33,31.58,1795.4,792.5,5.388,0.3298
24,77.84,11.97,0.662,0.4541,0.4739,0.6473,0.3142,22.71,27.88,1713.3,798.5,2.254,0.4132
25,19.46,36.49,0.4117,0.1876,0.4364,0.1906,0.1413,20.13,33.14,1590.5,770.1,7.322,0.6904
26,46.67,95.84,0.8633,0.2788,0.6862,0.6481,0.2669,8.8,22.82,1706.9,578.4,2.451,0.4723
27,4.38,99.55,0.4564,0.3392,0.4267,0.6415,0.8597,10.37,23.2,1677.0,454.3,1.585,0.4872
28,15.43,77.21,0.717,0.1737,0.5183,0.5975,0.6024,34.32,16.8,1364.1,751.2,7.637,0.7241
29,68.3,31.1,0.4822,0.2367,0.5561,0.4788,0.378,21.95,31.68,1585.5,128.1,6.484,0.5218
30,74.48,68.77,0.5933,0.2542,0.2131,0.4721,0.7899,6.71,17.88,1739.4,108.2,2.745,0.3564
31,96.75,70.54,0.7038,0.1636,0.5091,0.4835,0.0645,5.58,12.43,1422.0,1036.8,6.731,0.2902
32,32.58,38.78,0.5563,0.3751,0.4069,0.5143,0.2539,21.57,22.41,1657.8,151.1,4.151,0.5994
33,37.05,64.09,0.835,0.4525,0.4528,0.1099,0.2301,10.75,19.11,1537.0,677.3,2.774,0.4183
34,46.96,1.07,0.4935,0.135,0.2602,0.6749,0.9854,29.68,4.34,1552.2,776.5,6.717,0.9879
35,18.95,20.91,0.653,0.3406,0.6697,0.4514,0.7061,32.84,13.75,1263.0,318.0,6.017,0.9576
36,12.99,52.51,0.4397,0.4911,0.7654,0.5689,0.6178,12.99,10.97,1666.4,1085.3,2.383,0.5503
37,47.57,16.38,0.4857,0.474,0.2134,0.3264,0.005,25.73,29.64,1806.0,309.1,4.853,0.6151
38,22.69,16.59,0.508,0.5075,0.5608,0.1074,0.1843,10.41,13.26,1299.0,1073.0,2.955,0.6637
39,66.98,83.63,0.2881,0.3241,0.6583,0.4058,0.6355,15.63,28.75,1456.3,939.3,0.008,0.2187
40,43.72,98.91,0.2642,0.5103,0.3709,0.4043,0.3797,36.11,15.48,1234.1,364.8,7.695,0.719
41,83.27,55.6,0.6672,0.2204,0.6725,0.3622,0.9243,24.04,26.37,1220.7,265.8,4.397,0.3543
42,70.03,83.91,0.6589,0.2804,0.5794,0.3038,0.7647,36.01,4.73,1892.8,447.9,4.787,0.5984
43,31.24,99.03,0.664,0.1882,0.7575,0.2499,0.4474,12.88,32.36,1545.4,537.7,4.799,0.5595
44,83.23,14.16,0.2138,0.3337,0.7886,0.4165,0.7495,16.55,16.82,1448.9,370.4,4.405,0.5212
45,80.48,44.82,0.4286,0.296,0.2254,0.3252,0.9754,21.48,9.09,1392.4,1198.8,2.32,0.3786
46,38.75,39.26,0.3385,0.2205,0.467,0.682,0.461,21.8,8.45,1886.0,352.6,7.773,0.7775
47,28.83,8.0,0.7447,0.4759,0.5282,0.2038,0.6425,39.92,9.28,1376.6,1013.7,4.973,1.0
48,68.25,75.53,0.8024,0.2569,0.288,0.2918,0.9187,9.01,12.84,1708.0,275.0,5.367,0.4829
49,13.98,43.38,0.3727,0.2364,0.4018,0.2764,0.2487,34.82,25.11,1398.6,1178.3,3.638,0.5748
50,19.99,46.93,0.6675,0.1654,0.7926,0.426,0.8866,35.23,33.24,1249.3,348.1,2.303,0.6627
51,0.74,15.07,0.2906,0.3194,0.2097,0.3996,0.0975,24.36,23.42,1678.3,563.9,0.515,0.473
52,78.69,18.09,0.3926,0.2515,0.4715,0.4862,0.6484,17.04,19.15,1201.1,714.4,2.802,0.481
53,66.49,90.71,0.2971,0.2846,0.7056,0.67,0.7828,23.17,15.7,1673.0,232.3,1.409,0.4193
54,70.52,4.46,0.3985,0.218,0.3943,0.2711,0.6146,15.24,28.99,1375.3,998.5,5.297,0.5269
55,78.07,23.29,0.6723,0.4816,0.4879,0.5157,0.4955,32.97,29.74,1722.3,402.2,7.032,0.5189
56,45.89,29.21,0.8372,0.565,0.7868,0.115,0.6173,22.44,10.26,1738.8,704.2,2.422,0.6935
57,56.87,49.02,0.3418,0.349,0.4849,0.2574,0.1517,37.4,33.37,1706.9,704.6,2.663,0.356
58,13.98,58.64,0.5795,0.4215,0.2786,0.3782,0.2156,26.79,13.83,1217.1,762.9,5.363,0.5343
59,11.45,49.33,0.691,0.5336,0.231,0.1186,0.2699,23.0,28.0,1692.6,161.0,1.194,0.5023
60,66.84,8.41,0.867,0.5994,0.7672,0.4706,0.5978,29.89,33.84,1893.1,285.5,7.435,0.7562
61,47.11,24.37,0.627,0.4068,0.3595,0.507,0.4419,22.64,24.63,1369.8,277.3,2.911,0.5483
62,56.52,84.36,0.3786,0.5449,0.5024,0.548,0.2445,36.66,5.65,1392.0,432.3,0.81,0.3791
63,76.5,63.76,0.6378,0.5543,0.2544,0.4099,0.8828,11.46,20.51,1769.5,259.4,1.397,0.2021
64,63.47,64.91,0.4243,0.4957,0.4542,0.4624,0.3739,39.07,4.16,1312.3,1114.1,7.462,0.5269
65,55.36,67.02,0.8833,0.3305,0.7581,0.3376,0.446,33.43,27.62,1662.4,664.2,1.977,0.4283
66,55.92,76.29,0.4798,0.1406,0.5014,0.1248,0.4097,35.13,9.85,1728.5,785.9,5.298,0.5519
67,30.4,5.81,0.6798,0.1079,0.7827,0.16,0.1819,21.9,24.33,1226.0,493.2,1.249,0.6714
68,3.08,36.66,0.2163,0.3386,0.3553,0.493,0.7316,34.3,31.85,1587.6,403.9,1.553,0.5631
69,43.67,53.95,0.48,0.3472,0.5027,0.6973,0.4485,15.74,6.34,1603.1,653.5,7.034,0.5802
70,21.46,33.85,0.8126,0.3037,0.7157,0.1095,0.0163,31.67,13.75,1412.4,423.8,1.184,0.5793
71,40.85,84.45,0.6272,0.3841,0.469,0.4346,0.964,9.92,22.65,1813.4,478.0,0.15,0.4974
72,85.34,48.26,0.5108,0.3761,0.3677,0.5506,0.8158,15.75,14.69,1313.9,598.0,4.01,0.2821
73,23.39,76.86,0.8552,0.5183,0.7133,0.5961,0.7236,20.6,6.12,1454.9,656.3,6.902,0.65
74,5.83,85.2,0.7978,0.1543,0.4339,0.4271,0.8691,16.28,1.02,1794.1,1182.7,2.608,0.522
75,28.14,50.48,0.4256,0.2126,0.5184,0.4719,0.9068,18.55,14.23,1333.4,345.7,1.025,0.6597
76,29.36,90.96,0.5812,0.4965,0.7859,0.518,0.3375,33.7,22.72,1775.0,636.8,7.858,0.7083
77,66.19,58.71,0.5429,0.5239,0.3119,0.6154,0.611,13.98,20.09,1255.3,264.5,5.414,0.391
78,55.7,85.03,0.6425,0.5974,0.3808,0.1734,0.6088,31.08,5.47,1542.5,485.0,6.806,0.5233
79,78.39,34.06,0.4339,0.5365,0.2186,0.6557,0.2673,7.58,15.77,1252.7,889.0,6.017,0.2737
80,66.43,49.88,0.3709,0.5449,0.4351,0.1156,0.222,31.8,12.93,1674.5,291.9,5.586,0.455
81,40.64,53.14,0.8389,0.2572,0.3201,0.6017,0.1139,32.72,9.6,1753.4,739.5,3.077,0.4118
82,81.4,10.5,0.8467,0.3008,0.608,0.146,0.6593,19.06,25.52,1794.9,558.4,2.595,0.5152
83,16.7,39.86,0.7903,0.234,0.3088,0.2168,0.7809,30.29,10.84,1886.9,156.7,5.736,0.6833
84,2.27,91.73,0.8847,0.4031,0.6049,0.1023,0.761,37.03,18.9,1670.4,1126.4,5.734,0.6732
85,9.0,63.08,0.7215,0.5694,0.3581,0.3672,0.3163,33.02,32.31,1738.3,555.0,7.605,0.4739
86,72.24,17.75,0.7353,0.2723,0.4131,0.3006,0.2053,18.67,18.87,1554.0,962.3,4.549,0.4978
87,46.19,33.89,0.7338,0.3785,0.4093,0.1996,0.4536,21.95,21.6,1838.9,557.9,2.357,0.7259
88,16.13,19.16,0.5364,0.2481,0.6301,0.3707,0.5468,32.28,2.56,1650.6,1131.1,3.916,0.7264
89,50.1,2.48,0.5195,0.1849,0.4799,0.3414,0.9191,15.24,6.23,1818.5,419.5,4.91,0.8562
90,15.23,92.75,0.3682,0.1976,0.4168,0.5606,0.8748,33.14,3.53,1364.8,553.5,3.414,0.6589
91,69.63,44.82,0.6514,0.129,0.7116,0.6359,0.9161,16.48,26.77,1547.7,934.8,6.329,0.468
92,44.62,30.75,0.4025,0.5746,0.5432,0.4915,0.8503,33.21,29.26,1710.9,478.0,4.677,0.715
93,38.1,59.85,0.3805,0.3014,0.3283,0.1746,0.9646,8.04,6.53,1341.9,500.8,0.075,0.5564
94,30.15,0.73,0.6102,0.5171,0.7401,0.2772,0.4655,6.55,7.67,1347.9,1194.3,4.559,0.744
95,63.03,27.8,0.487,0.4407,0.4056,0.648,0.0475,39.92,11.31,1884.6,711.2,5.069,0.5968
96,36.18,70.3,0.3532,0.196,0.2234,0.1532,0.0836,35.43,20.69,1504.2,858.3,7.322,0.514
97,8.76,63.38,0.7712,0.1877,0.4968,0.3441,0.3903,35.9,21.76,1327.3,807.8,3.31,0.5593
98,11.8,98.18,0.8024,0.506,0.2744,0.6655,0.2577,38.29,24.04,1432.0,1010.7,4.596,0.5867
99,96.19,62.04,0.3174,0.2324,0.3431,0.6704,0.1699,20.34,31.68,1478.2,1048.0,3.8,0.1062
100,90.86,47.75,0.2053,0.5566,0.6483,0.3467,0.9532,15.04,10.33,1636.2,719.6,4.253,0.4959
101,69.97,76.14,0.4353,0.17,0.2785,0.5004,0.1954,9.55,23.06,1846.1,424.0,0.538,0.1229
102,26.59,90.33,0.7583,0.4389,0.6842,0.374,0.9594,22.54,19.59,1890.6,125.1,7.178,0.8544
103,96.92,72.07,0.7874,0.5072,0.7621,0.5521,0.7608,12.7,10.7,1656.2,775.8,7.283,0.4654
104,77.88,96.32,0.2968,0.2176,0.5639,0.1189,0.6409,37.74,31.76,1689.9,1008.0,4.384,0.3588
105,71.69,78.2,0.742,0.2381,0.6262,0.1865,0.676,5.14,3.34,1425.3,595.6,4.452,0.342
106,44.94,86.68,0.281,0.5823,0.6282,0.4685,0.3315,10.01,24.92,1800.0,281.2,0.46,0.3717
107,27.22,11.41,0.473,0.2323,0.7957,0.2395,0.6464,13.63,25.48,1352.5,416.9,4.784,0.8449
108,9.64,73.24,0.899,0.315,0.4049,0.4996,0.1867,11.96,32.04,1274.5,661.0,3.433,0.3525
109,90.26,44.01,0.3348,0.3163,0.2977,0.3107,0.9377,12.9,18.15,1881.3,1020.3,5.672,0.4269
110,45.58,55.31,0.3078,0.2265,0.5115,0.632,0.3018,27.96,11.26,1804.9,288.9,0.377,0.4574
111,20.24,65.41,0.496,0.4879,0.5199,0.5916,0.2552,16.46,28.97,1412.6,773.4,5.687,0.4741
112,30.6,96.98,0.6338,0.4859,0.3067,0.3957,0.7112,26.53,26.98,1672.6,928.7,2.295,0.7001
113,57.92,98.46,0.853,0.2892,0.5679,0.5637,0.6564,36.16,17.51,1526.9,1129.7,5.214,0.6076
114,17.68,28.82,0.8866,0.5176,0.2085,0.2627,0.4513,26.09,26.88,1426.2,228.4,5.017,0.6644
115,85.66,73.38,0.2487,0.2065,0.7566,0.3966,0.6324,29.31,9.38,1400.7,1119.0,1.815,0.284
116,75.85,75.0,0.2966,0.1022,0.3587,0.2185,0.1595,17.79,20.63,1295.2,761.6,3.524,0.1626
117,71.95,34.65,0.7535,0.3856,0.2237,0.6165,0.6733,10.59,30.28,1584.5,943.4,6.685,0.3423
118,43.21,12.39,0.3894,0.597,0.2649,0.5938,0.2706,16.22,11.13,1512.6,159.2,4.845,0.6812
119,62.73,4.09,0.8194,0.1193,0.3441,0.6413,0.2728,38.75,16.92,1558.5,656.8,0.55,0.6397
120,58.41,77.73,0.6644,0.204,0.3643,0.6265,0.1622,26.76,33.29,1350.8,784.9,3.543,0.2872
121,64.98,48.97,0.2783,0.3595,0.2197,0.6758,0.3324,14.71,27.94,1857.0,437.5,2.494,0.3012
122,8.44,98.55,0.7828,0.505,0.3676,0.237,0.3313,20.78,31.05,1647.0,574.8,5.133,0.3874
123,41.58,46.5,0.3234,0.1445,0.3158,0.6591,0.4542,34.24,13.48,1829.7,709.7,4.917,0.6904
124,4.16,97.79,0.4964,0.2976,0.4272,0.4427,0.1904,28.4,34.88,1276.5,707.8,0.083,0.3546
125,49.4,41.16,0.5865,0.4735,0.4311,0.3535,0.193,24.62,5.34,1636.0,146.0,4.862,0.5576
126,32.99,79.37,0.5505,0.2858,0.4034,0.4362,0.5417,35.98,18.16,1794.6,583.4,5.879,0.6831
127,14.45,8.48,0.6803,0.1944,0.3968,0.3056,0.1289,28.54,16.77,1431.6,335.2,6.15,0.7375
128,10.34,55.55,0.6569,0.1977,0.2538,0.2731,0.6889,27.5,27.95,1336.6,1108.4,0.472,0.3591
129,58.76,80.21,0.8944,0.305,0.2151,0.2448,0.9439,11.64,31.8,1385.5,1174.2,2.429,0.4105
130,17.06,92.47,0.8996,0.3397,0.3213,0.1495,0.4268,8.72,25.59,1391.1,429.6,3.37,0.5022
131,92.51,82.26,0.5615,0.5309,0.654,0.3979,0.9011,38.78,21.94,1513.0,292.7,1.438,0.3569
132,58.11,3.7,0.2666,0.4211,0.7945,0.6327,0.0983,25.96,14.96,1428.2,341.5,3.366,0.5361
133,34.69,37.27,0.7095,0.4452,0.7571,0.4781,0.043,19.55,17.86,1389.9,625.5,0.569,0.4282
134,59.09,4.87,0.8837,0.5915,0.5025,0.4126,0.7214,25.62,17.83,1654.0,1062.0,0.906,0.6363
135,2.28,10.93,0.4228,0.3059,0.5191,0.3572,0.761,7.16,0.71,1237.1,650.0,5.35,0.8249
136,95.86,67.53,0.5228,0.3017,0.3887,0.3786,0.8431,33.77,17.61,1438.3,160.9,2.101,0.3762
137,48.23,71.33,0.4973,0.5617,0.6644,0.2256,0.0568,12.58,29.96,1682.8,143.9,5.691,0.2829
138,78.27,77.37,0.236,0.2229,0.6589,0.5938,0.7769,33.16,24.82,1323.1,350.1,0.385,0.2903
139,8.27,86.55,0.6706,0.4649,0.7066,0.219,0.3765,23.7,27.85,1354.6,1027.0,4.502,0.4708
140,48.67,73.94,0.4473,0.4773,0.7373,0.53,0.3033,14.68,13.67,1340.5,783.6,3.132,0.461
141,49.07,80.09,0.7512,0.1489,0.4606,0.556,0.173,6.06,18.51,1200.6,719.3,6.376,0.4443
142,93.78,4.9,0.7825,0.3341,0.6601,0.4449,0.996,33.55,1.17,1531.6,450.9,6.272,0.6202
143,57.17,23.45,0.7749,0.2003,0.6838,0.6178,0.0637,11.18,13.4,1227.3,1122.4,3.004,0.4927
144,47.35,62.19,0.4917,0.1927,0.3851,0.2746,0.827,6.81,16.6,1391.1,464.3,4.982,0.4684
145,26.7,85.81,0.4251,0.3319,0.7575,0.629,0.6395,31.46,8.93,1896.4,1018.4,1.82,0.5829
146,33.16,0.45,0.7242,0.2447,0.2566,0.5376,0.7351,17.25,1.09,1842.9,1085.5,4.643,0.8949
147,52.07,51.46,0.761,0.498,0.7966,0.5792,0.7117,18.63,24.16,1350.6,631.7,0.65,0.4431
148,43.89,67.73,0.5439,0.5538,0.6621,0.4987,0.8584,13.65,15.23,1417.0,1083.7,3.477,0.4629
149,2.16,2.96,0.8251,0.5014,0.256,0.6078,0.1838,35.07,14.55,1524.6,404.5,1.462,0.6665
150,82.63,40.14,0.3007,0.233,0.5937,0.6959,0.0008,15.41,8.75,1791.1,824.3,7.067,0.3773
151,89.62,89.56,0.8153,0.2371,0.2205,0.3521,0.5985,12.36,18.82,1761.9,196.8,3.559,0.2889
152,14.02,67.16,0.2673,0.2274,0.6621,0.5883,0.3539,15.82,15.33,1288.4,621.3,4.726,0.4527
153,55.4,23.77,0.3075,0.1675,0.6795,0.5467,0.1238,12.11,16.59,1287.1,339.1,2.883,0.4291
154,10.86,85.28,0.5737,0.5719,0.5614,0.3717,0.1861,16.12,20.33,1491.7,169.0,2.31,0.4602
155,67.22,34.8,0.2473,0.301,0.7141,0.6562,0.3317,7.9,0.22,1809.1,104.1,1.623,0.3122
156,28.12,85.33,0.237,0.2123,0.2587,0.3367,0.0702,10.55,31.77,1817.5,457.2,7.295,0.538
157,65.94,29.89,0.2004,0.5233,0.3656,0.4393,0.0569,19.6,2.49,1275.2,748.5,6.396,0.4988
158,72.7,59.03,0.5054,0.2996,0.4485,0.1636,0.916,35.78,15.78,1602.0,600.8,1.066,0.3866
159,76.86,39.69,0.7422,0.1176,0.2255,0.2355,0.3121,7.01,7.26,1309.0,431.9,5.974,0.2759
160,10.77,27.48,0.2244,0.181,0.4689,0.6044,0.9822,12.44,18.33,1680.3,1190.3,3.348,0.6853
161,91.6,88.66,0.6566,0.4196,0.3591,0.3379,0.9644,36.79,9.81,1841.5,1133.5,0.123,0.4495
162,23.02,18.76,0.7762,0.4915,0.4356,0.3365,0.1426,36.15,30.1,1518.3,238.2,4.227,0.6402
163,3.74,8.48,0.3176,0.2055,0.4551,0.2476,0.7149,28.78,13.87,1258.2,556.6,1.04,0.7262
164,55.49,34.19,0.3028,0.5587,0.7276,0.395,0.6008,13.42,22.36,1605.5,813.7,1.679,0.4713
165,37.09,71.76,0.8026,0.5255,0.3622,0.5835,0.6906,19.69,8.71,1486.0,906.8,5.568,0.6107
166,82.98,80.74,0.7762,0.5242,0.7362,0.6371,0.0962,12.39,0.68,1767.6,503.0,2.057,0.2452
167,80.83,99.87,0.5773,0.2138,0.4556,0.1421,0.1886,9.5,14.15,1438.2,920.9,7.135,0.231
168,31.71,29.64,0.7734,0.1253,0.3967,0.4449,0.0766,18.3,18.78,1812.4,236.6,5.257,0.6583
169,95.29,40.79,0.2649,0.5337,0.5015,0.3804,0.6041,25.15,16.08,1391.6,465.0,6.658,0.5502
170,29.09,13.68,0.4761,0.2529,0.4506,0.4686,0.9866,17.6,33.67,1310.3,888.1,4.922,0.8811
171,51.51,57.49,0.7165,0.4095,0.3544,0.3684,0.672,26.38,24.74,1414.5,788.3,6.951,0.5739
172,25.6,99.76,0.3802,0.48,0.5016,0.3392,0.7108,15.37,34.85,1224.4,1020.9,2.893,0.5699
173,93.6,70.09,0.7266,0.1641,0.2911,0.3831,0.9846,17.1,10.33,1396.9,151.5,4.393,0.358
174,16.46,59.52,0.5529,0.4904,0.4112,0.4492,0.678,32.67,27.62,1662.1,291.8,4.127,0.5697
175,4.49,39.24,0.7252,0.5693,0.5395,0.4006,0.0402,35.74,19.44,1299.6,153.3,7.23,0.6059
176,43.51,91.53,0.5253,0.4642,0.448,0.3833,0.867,16.27,21.41,1278.0,311.3,1.319,0.508
177,99.24,49.69,0.4575,0.3206,0.6943,0.5907,0.3647,25.0,34.5,1292.7,104.7,4.624,0.3274
178,89.17,13.44,0.3534,0.5383,0.354,0.5474,0.0044,14.74,22.89,1254.3,654.6,6.035,0.4982
179,74.86,36.54,0.3459,0.3637,0.7819,0.3048,0.5072,6.87,31.46,1812.2,681.1,2.96,0.2607
180,89.08,6.72,0.726,0.4724,0.6708,0.5803,0.937,30.83,25.4,1860.9,823.7,6.941,0.5806
181,89.34,20.2,0.2832,0.5103,0.7806,0.6122,0.2573,10.99,4.46,1232.6,523.4,2.984,0.3425
182,51.89,1.77,0.2602,0.4747,0.7029,0.1921,0.4915,19.9,24.48,1732.1,103.5,1.386,0.6447
183,31.59,45.33,0.3234,0.2439,0.2853,0.4496,0.1738,22.05,16.95,1716.0,841.3,4.672,0.5832
184,77.2,63.45,0.3227,0.1589,0.5159,0.2712,0.0577,11.46,32.16,1897.8,159.7,3.365,0.1359
185,66.17,34.33,0.7762,0.2192,0.302,0.5435,0.0805,8.31,28.24,1443.5,1052.8,0.122,0.1854
186,37.37,42.04,0.479,0.3514,0.6909,0.2433,0.727,17.18,3.64,1399.9,124.9,0.559,0.679
187,9.45,95.92,0.8933,0.3526,0.5505,0.5028,0.8641,38.33,4.69,1517.2,683.5,1.562,0.6972
188,74.68,75.2,0.296,0.3913,0.3581,0.2531,0.1433,26.53,2.44,1799.6,1084.4,6.155,0.3164
189,26.25,54.09,0.6575,0.2976,0.7578,0.4067,0.2883,18.35,17.26,1710.0,729.7,7.136,0.5849
190,93.68,28.45,0.5141,0.4934,0.2691,0.6692,0.195,6.36,2.83,1530.1,769.3,4.365,0.3274
191,24.1,89.7,0.475,0.5566,0.5383,0.3288,0.0269,26.01,25.33,1371.2,849.8,0.845,0.5487
192,12.28,23.51,0.8126,0.2234,0.6326,0.6254,0.5534,8.23,19.33,1708.9,234.6,4.275,0.6382
193,83.11,32.53,0.8829,0.4683,0.2353,0.6922,0.6999,23.99,29.26,1798.2,842.4,6.845,0.4857
194,15.33,90.91,0.811,0.439,0.5587,0.6249,0.6479,31.32,9.79,1480.0,1068.4,5.996,0.6929
195,17.93,52.95,0.3346,0.3615,0.6895,0.1995,0.3881,19.83,18.17,1668.0,1171.6,2.329,0.4573
196,59.94,74.23,0.3546,0.1943,0.2405,0.5918,0.555,15.48,4.11,1480.1,587.4,0.991,0.3587
197,87.46,59.07,0.6593,0.4976,0.5073,0.1193,0.0941,6.66,30.96,1534.9,479.0,7.205,0.2128
198,19.64,65.34,0.4024,0.5803,0.3551,0.336,0.1543,5.87,6.13,1567.4,928.6,6.833,0.5022
199,31.03,29.94,0.7143,0.4609,0.5978,0.6224,0.9318,20.05,3.58,1743.0,697.2,0.43,0.7219
200,77.74,24.14,0.5965,0.5589,0.2712,0.5133,0.7615,35.92,7.18,1884.3,383.0,6.589,0.6578
201,97.18,32.25,0.5856,0.5921,0.7622,0.4196,0.9227,13.54,28.22,1511.1,289.4,0.778,0.3945
202,50.07,15.54,0.78,0.276,0.7368,0.3327,0.9167,25.09,3.7,1439.6,287.3,0.506,0.8369
203,14.39,87.43,0.6974,0.4191,0.3116,0.5874,0.6494,28.95,21.5,1461.5,605.1,6.069,0.6625
204,1.39,28.32,0.2186,0.337,0.394,0.5257,0.9282,7.13,26.12,1293.7,287.1,4.29,0.6043
205,22.97,56.15,0.2346,0.5933,0.5526,0.381,0.4167,10.36,26.29,1407.9,121.7,3.316,0.5073
206,13.18,79.2,0.6211,0.1469,0.6308,0.6355,0.0036,16.59,6.65,1260.5,157.3,7.231,0.4701
207,67.77,78.38,0.5403,0.3062,0.4656,0.238,0.0626,28.45,2.16,1499.5,1122.9,6.714,0.3555
208,12.18,43.84,0.3821,0.5378,0.2938,0.2022,0.1095,20.37,15.71,1317.2,180.3,0.461,0.3882
209,50.63,47.63,0.4931,0.242,0.2625,0.4857,0.0954,30.7,7.09,1442.5,180.5,4.929,0.4748
210,69.43,99.47,0.7305,0.4939,0.7999,0.6832,0.3517,35.37,24.47,1755.5,596.3,6.178,0.499
211,58.11,67.46,0.7786,0.2914,0.4732,0.2484,0.7013,31.54,12.48,1372.1,369.6,4.404,0.5224
212,19.98,81.46,0.5929,0.59,0.7235,0.2498,0.7906,39.73,15.73,1628.3,1159.0,7.864,0.7823
213,80.41,90.26,0.4698,0.5418,0.4894,0.1837,0.5902,31.4,3.97,1830.8,1102.1,5.488,0.3318
214,71.54,78.76,0.3895,0.2507,0.7534,0.6163,0.1464,34.83,19.86,1596.9,545.2,0.833,0.336
215,73.9,18.52,0.5653,0.4851,0.2527,0.2358,0.7479,34.13,6.49,1335.7,593.6,1.586,0.5389
216,13.11,56.22,0.4203,0.2684,0.2684,0.4019,0.3548,30.56,23.76,1441.3,512.6,6.61,0.6757
217,12.38,10.19,0.5949,0.4032,0.7578,0.6945,0.013,33.06,2.49,1613.3,141.7,7.974,0.7642
218,92.76,65.29,0.6737,0.4292,0.7685,0.1073,0.2806,37.71,34.16,1554.6,422.1,0.787,0.136
219,39.76,95.53,0.2463,0.5148,0.3888,0.4339,0.3306,21.63,23.96,1304.0,234.9,0.803,0.3832
220,30.09,51.27,0.2007,0.1122,0.4131,0.4074,0.2742,27.34,6.36,1512.8,212.6,6.107,0.6901
221,48.86,43.3,0.3486,0.2101,0.4715,0.5845,0.8119,23.02,0.49,1580.1,716.9,0.515,0.5572
222,66.29,3.58,0.8262,0.456,0.4497,0.3132,0.7599,34.79,11.71,1387.1,208.6,0.548,0.5776
223,95.56,95.98,0.6524,0.3818,0.314,0.3462,0.6956,20.1,5.35,1628.7,213.2,7.111,0.4426
224,28.64,10.3,0.3204,0.3478,0.739,0.2008,0.139,33.69,7.64,1249.1,628.6,6.404,0.9032
225,92.48,4.11,0.8232,0.1276,0.352,0.5445,0.8078,32.98,30.55,1435.6,586.5,7.053,0.663
226,2.49,24.61,0.529,0.2741,0.6232,0.5708,0.6772,38.67,21.11,1763.0,251.4,5.204,0.8099
227,55.52,6.55,0.5333,0.5326,0.2403,0.182,0.1948,13.71,6.18,1381.5,104.9,2.58,0.5558
228,63.4,45.51,0.8549,0.1154,0.2233,0.3361,0.6481,29.84,19.48,1623.6,312.3,7.251,0.551
229,10.59,51.61,0.2416,0.2982,0.5922,0.6357,0.4835,31.49,8.95,1487.0,359.5,2.39,0.5098
230,14.03,31.26,0.3506,0.5726,0.4034,0.1016,0.4394,37.77,34.17,1421.5,980.3,2.204,0.5942
231,41.91,5.1,0.61,0.1254,0.5933,0.2793,0.1121,36.74,1.15,1841.3,1107.0,7.091,0.8542
232,96.62,11.16,0.3368,0.4749,0.2564,0.433,0.5183,25.07,25.63,1440.3,546.5,5.447,0.5592
233,59.6,38.45,0.6757,0.2288,0.7699,0.3005,0.0999,25.27,27.05,1365.7,545.5,7.165,0.5085
234,93.3,6.05,0.3499,0.5333,0.6491,0.2632,0.1643,10.86,2.35,1836.5,883.7,1.247,0.4699
235,80.44,69.82,0.2694,0.473,0.7258,0.376,0.1325,39.12,6.02,1722.2,789.6,7.618,0.351
236,46.74,20.7,0.3449,0.5429,0.2819,0.2089,0.9541,13.93,13.45,1677.3,302.6,4.902,0.82
237,78.48,30.21,0.4959,0.208,0.3921,0.4178,0.2849,30.37,30.39,1234.7,218.5,5.344,0.3887
238,1.78,39.41,0.3233,0.3656,0.421,0.524,0.3552,32.85,18.79,1291.8,581.4,7.312,0.5888
239,10.91,41.66,0.2943,0.4896,0.5223,0.4452,0.3221,20.44,22.94,1646.8,721.3,3.046,0.4709
240,82.94,0.17,0.8022,0.2228,0.3781,0.1559,0.8983,12.39,27.41,1346.6,252.6,5.757,0.5096
241,79.68,11.21,0.4243,0.2154,0.2364,0.6066,0.563,11.61,28.98,1357.9,422.6,5.123,0.5323
242,23.26,86.28,0.4525,0.1136,0.4213,0.205,0.9192,34.98,16.67,1745.4,436.5,6.302,0.789
243,53.08,0.12,0.2387,0.5793,0.3527,0.5589,0.2999,22.88,17.81,1400.1,387.4,7.176,0.7253
244,60.6,50.82,0.4502,0.455,0.4316,0.3163,0.1148,8.15,25.13,1250.1,606.8,5.44,0.2841
245,86.77,48.95,0.3854,0.4178,0.3182,0.5697,0.5562,30.1,9.22,1225.5,818.4,0.541,0.4446
246,60.31,33.31,0.6273,0.472,0.3571,0.2238,0.3455,13.76,29.91,1510.2,660.3,1.465,0.4178
247,41.26,43.13,0.3438,0.3658,0.5762,0.212,0.8019,35.67,0.73,1632.0,321.6,7.632,0.8178
248,37.42,78.06,0.8219,0.3381,0.4329,0.3982,0.8794,15.84,6.85,1808.2,213.2,7.749,0.7064
249,42.59,84.12,0.8508,0.3248,0.4072,0.1198,0.4726,12.01,28.01,1277.6,1004.1,7.739,0.527
250,65.19,26.03,0.2699,0.4202,0.5203,0.2352,0.9714,7.97,11.91,1337.7,627.2,0.294,0.4983
251,86.75,32.25,0.2752,0.2008,0.6631,0.5344,0.553,22.9,5.24,1570.9,168.4,3.06,0.4097
252,45.39,24.25,0.2807,0.544,0.4273,0.6024,0.2709,20.78,6.54,1454.9,383.9,6.077,0.7406
253,24.78,47.99,0.6337,0.5059,0.5525,0.1485,0.489,31.3,18.58,1537.8,984.4,6.023,0.7604
254,23.67,68.33,0.2854,0.2748,0.7797,0.6292,0.0373,21.26,29.62,1846.9,926.9,0.687,0.2965
255,74.6,22.83,0.7967,0.3893,0.5132,0.5785,0.804,17.03,2.47,1581.4,1063.4,4.876,0.5286
256,81.66,33.07,0.728,0.1705,0.7459,0.6218,0.1014,14.16,1.07,1490.6,762.3,1.143,0.2797
257,10.53,93.04,0.7739,0.5862,0.6762,0.5191,0.3087,14.74,16.28,1892.6,565.2,3.946,0.4835
258,6.66,4.86,0.5682,0.5514,0.2352,0.5045,0.5653,37.47,33.47,1245.7,569.3,1.917,0.7774
259,59.44,46.08,0.8977,0.5609,0.4575,0.4151,0.043,10.78,9.77,1852.5,313.4,0.425,0.3364
260,14.62,71.16,0.2309,0.2661,0.619,0.4917,0.0793,39.59,33.57,1551.2,815.9,0.64,0.4377
261,82.47,15.05,0.4809,0.1846,0.792,0.6515,0.6961,16.44,31.07,1552.6,743.6,7.287,0.4936
262,31.03,4.74,0.4268,0.2059,0.475,0.1603,0.0718,8.09,9.91,1845.4,270.4,5.957,0.726
263,14.39,13.82,0.8641,0.145,0.2557,0.2895,0.4771,13.7,28.59,1555.1,1074.2,7.455,0.6574
264,92.1,91.88,0.6038,0.1601,0.5372,0.1435,0.3387,7.04,24.01,1506.9,505.3,3.76,0.2582
265,16.55,0.93,0.7643,0.1357,0.2759,0.6669,0.2281,32.65,17.91,1390.7,154.7,3.306,0.7799
266,28.47,18.83,0.3192,0.5949,0.6509,0.3672,0.1888,22.94,14.8,1661.2,460.7,2.867,0.7668
267,15.36,3.13,0.885,0.137,0.5046,0.5052,0.7634,16.79,28.54,1598.8,1056.8,4.93,0.7603
268,11.55,11.06,0.549,0.1663,0.6341,0.6047,0.9515,28.17,27.76,1350.0,1108.7,2.812,0.767
269,2.11,62.01,0.5456,0.5136,0.7216,0.6946,0.1402,27.07,26.49,1696.6,639.4,5.97,0.4092
270,5.54,24.16,0.8796,0.3901,0.5774,0.1971,0.9597,37.9,34.94,1650.9,1152.0,6.411,0.8074
271,17.46,56.92,0.4665,0.4872,0.5675,0.5797,0.5948,38.64,16.75,1478.1,1062.8,7.007,0.633
272,5.34,59.02,0.4783,0.4155,0.6527,0.6325,0.6417,28.82,28.24,1203.1,1007.8,1.942,0.4797
273,59.11,84.94,0.6093,0.5411,0.7055,0.1293,0.7099,33.62,30.19,1512.6,1045.7,4.216,0.4633
274,68.07,0.47,0.2896,0.4192,0.7214,0.5525,0.7041,32.73,7.41,1204.2,520.1,1.788,0.5913
275,39.36,85.34,0.4248,0.3611,0.2219,0.3128,0.8198,22.2,1.47,1252.5,932.1,0.3,0.5158
276,31.8,61.91,0.3352,0.4564,0.5337,0.4892,0.4835,29.66,14.17,1501.4,735.1,5.663,0.6389
277,50.45,16.27,0.2723,0.3237,0.3298,0.4084,0.5334,7.74,29.99,1257.3,891.7,4.392,0.6557
278,87.5,77.29,0.8063,0.273,0.7162,0.2558,0.3238,31.53,10.12,1393.0,295.6,5.791,0.4334
279,85.11,85.55,0.6125,0.3338,0.589,0.1811,0.1053,38.66,24.5,1658.8,904.5,0.701,0.2194
280,4.35,25.43,0.4511,0.1849,0.4521,0.1702,0.6646,7.97,0.26,1416.0,1153.4,7.964,0.8422
281,18.15,91.88,0.4861,0.4983,0.3129,0.162,0.0336,34.26,12.44,1898.4,432.9,7.955,0.6659
282,23.67,45.45,0.5021,0.2304,0.4034,0.4827,0.2756,37.65,21.54,1841.4,1184.8,3.72,0.6743
283,24.94,60.34,0.6432,0.1768,0.6223,0.3108,0.0942,12.92,4.54,1609.7,516.2,6.928,0.5533
284,57.12,98.46,0.8487,0.2232,0.3226,0.23,0.1907,23.37,31.38,1876.9,319.7,1.949,0.3326
285,41.63,36.15,0.8529,0.521,0.2561,0.5151,0.6387,37.48,5.47,1807.6,223.5,5.901,0.779
286,4.93,81.32,0.474,0.2651,0.7328,0.5121,0.6285,38.61,31.84,1423.2,963.5,7.034,0.4664
287,37.36,31.84,0.4305,0.443,0.6585,0.4235,0.4211,9.48,7.57,1724.7,710.3,6.517,0.7742
288,52.38,79.92,0.5157,0.5282,0.3199,0.661,0.0902,17.22,34.8,1295.8,437.8,6.494,0.3223
289,10.17,60.07,0.5976,0.1389,0.3754,0.3312,0.4334,29.44,21.17,1679.2,769.3,3.704,0.4654
290,83.35,21.64,0.5233,0.4825,0.7832,0.6015,0.3527,12.75,2.95,1543.8,465.3,6.56,0.4419
291,5.2,41.4,0.6611,0.2538,0.6249,0.1451,0.7205,16.37,2.28,1211.8,593.2,5.526,0.6423
292,92.48,31.76,0.5881,0.2083,0.5663,0.5439,0.579,5.82,2.62,1392.0,1048.9,1.06,0.4549
293,9.91,7.81,0.4245,0.4445,0.3846,0.6931,0.4916,10.37,20.65,1868.8,835.0,0.913,0.7113
294,84.36,2.98,0.442,0.5549,0.3795,0.608,0.487,24.68,28.34,1421.1,938.6,6.175,0.4325
295,90.27,34.65,0.465,0.2475,0.2237,0.4478,0.9663,27.86,14.1,1327.0,741.8,5.004,0.5176
296,97.96,1.9,0.2662,0.3844,0.6371,0.4761,0.7563,27.71,15.57,1331.3,1190.5,4.155,0.5738
297,80.2,16.55,0.3162,0.2449,0.2259,0.312,0.497,32.24,20.63,1535.4,365.6,7.258,0.623
298,77.95,72.52,0.7062,0.3771,0.2029,0.5077,0.4792,19.53,18.66,1789.9,388.5,5.277,0.3019
299,64.25,70.81,0.4724,0.4109,0.6377,0.5622,0.0265,14.57,24.08,1730.6,201.8,3.169,0.1664
300,77.9,73.86,0.3502,0.4052,0.7693,0.6989,0.9425,5.55,16.51,1505.8,709.4,3.311,0.2894
301,13.46,31.72,0.5939,0.4118,0.6539,0.3955,0.3192,12.23,24.99,1346.1,774.7,4.842,0.5468
302,53.61,89.0,0.7289,0.1675,0.483,0.1368,0.2559,15.93,34.91,1232.2,898.6,6.082,0.4727
303,51.42,59.38,0.3802,0.4468,0.4916,0.4575,0.9994,11.24,12.26,1523.8,469.0,4.515,0.5771
304,85.76,12.6,0.7788,0.4374,0.4617,0.1714,0.7187,5.71,0.43,1770.3,113.5,4.07,0.5664
305,46.28,14.37,0.8493,0.4413,0.3948,0.2469,0.0474,10.51,4.4,1710.8,795.5,5.815,0.5422
306,38.51,69.31,0.6182,0.137,0.513,0.2973,0.0619,28.31,19.37,1486.0,1198.6,5.642,0.5128
307,63.96,17.29,0.6683,0.3234,0.4587,0.5386,0.0255,27.04,12.05,1616.3,424.0,6.643,0.6763
308,26.65,50.73,0.2368,0.3045,0.5589,0.2103,0.5996,37.75,32.9,1505.4,302.3,0.5,0.6226
309,13.98,99.18,0.8619,0.1434,0.7389,0.1995,0.0716,32.94,21.96,1605.3,409.9,6.04,0.516
310,47.79,0.4,0.4747,0.2112,0.797,0.127,0.9334,24.87,18.21,1562.3,568.0,4.11,0.8013
311,41.69,1.66,0.8467,0.3205,0.2472,0.6239,0.9369,9.81,27.93,1676.7,376.0,0.598,0.6279
312,23.26,99.31,0.6053,0.4715,0.4308,0.5161,0.5461,24.74,9.05,1555.4,481.7,5.432,0.8258
313,36.75,58.46,0.2032,0.2185,0.3084,0.124,0.6166,7.16,28.69,1858.4,802.0,5.732,0.5292
314,36.64,12.69,0.227,0.5149,0.4113,0.117,0.2919,20.08,0.11,1499.6,479.5,4.189,0.7625
315,32.75,89.73,0.6763,0.3729,0.3725,0.4352,0.064,18.66,21.69,1211.1,535.7,6.35,0.5524
316,37.95,88.04,0.5939,0.4802,0.3047,0.2695,0.7375,19.97,32.72,1365.5,144.0,2.402,0.4
317,68.57,53.62,0.2186,0.3363,0.6584,0.458,0.1018,14.79,27.58,1550.4,1109.7,1.615,0.1109
318,29.69,62.18,0.7204,0.3496,0.4978,0.3608,0.0856,29.0,29.88,1578.4,547.6,2.806,0.4553
319,94.89,27.32,0.7965,0.4099,0.7515,0.654,0.3112,34.43,13.89,1586.7,461.0,3.28,0.5077
320,91.63,5.05,0.5475,0.564,0.2196,0.2727,0.0125,31.9,28.85,1700.2,195.1,5.567,0.3562
321,48.09,59.46,0.526,0.3459,0.2402,0.5075,0.434,26.97,19.28,1392.3,797.6,6.764,0.5344
322,32.84,29.48,0.2038,0.3643,0.442,0.1324,0.7077,23.84,21.65,1665.4,1050.2,5.767,0.8247
323,53.54,66.36,0.7507,0.401,0.2482,0.6735,0.8013,6.09,2.06,1692.8,145.3,1.392,0.3715
324,84.86,83.62,0.4315,0.4688,0.3576,0.6885,0.6043,30.3,7.05,1487.9,259.8,2.93,0.377
325,65.26,1.82,0.8151,0.1359,0.7916,0.5434,0.8469,24.07,19.28,1481.5,261.0,1.267,0.6001
326,80.44,59.57,0.4611,0.3578,0.3254,0.3791,0.4065,14.48,2.06,1325.2,762.5,5.494,0.414
327,53.27,23.13,0.5956,0.3408,0.3189,0.232,0.8488,16.47,25.95,1489.8,1113.4,1.985,0.5798
328,63.29,87.39,0.3892,0.5608,0.5442,0.5875,0.5065,37.75,29.4,1750.8,581.5,4.203,0.4142
329,28.82,25.37,0.3124,0.3468,0.4988,0.5418,0.223,26.85,32.21,1836.3,478.2,6.335,0.7368
330,73.49,61.08,0.7424,0.3342,0.5483,0.2332,0.9441,21.66,3.56,1615.5,942.4,5.368,0.4
331,20.24,55.35,0.5476,0.5811,0.426,0.3707,0.275,26.73,32.89,1409.6,916.8,2.387,0.4496
332,69.48,39.62,0.5755,0.3253,0.6961,0.3777,0.0262,19.48,2.37,1677.6,371.4,2.663,0.3276
333,86.07,67.76,0.8758,0.1904,0.2831,0.5958,0.2427,21.46,16.59,1718.1,276.9,5.227,0.2413
334,13.21,72.58,0.8745,0.2085,0.457,0.5103,0.3667,15.16,29.41,1432.5,493.6,4.396,0.4713
335,61.44,56.69,0.7989,0.1476,0.6139,0.4859,0.3513,20.39,2.46,1778.6,953.2,0.771,0.3865
336,9.51,75.84,0.3313,0.1003,0.7209,0.4899,0.5247,29.0,0.64,1251.6,864.6,6.992,0.6215
337,72.57,98.34,0.616,0.316,0.4217,0.2623,0.8831,6.4,0.87,1207.5,832.4,4.101,0.4745
338,8.45,41.93,0.8147,0.4846,0.5406,0.323,0.2923,32.83,17.89,1286.1,1012.4,3.787,0.641
339,93.59,51.46,0.4621,0.4667,0.2415,0.1274,0.5208,14.9,28.41,1309.2,404.8,1.588,0.164
340,13.74,1.25,0.2708,0.1161,0.3022,0.5722,0.3401,28.89,4.46,1815.3,473.7,3.016,0.8
341,95.89,79.6,0.7677,0.385,0.2415,0.3598,0.8218,27.5,4.36,1497.5,146.6,2.663,0.4049
342,80.09,52.02,0.5372,0.1771,0.6367,0.3629,0.1576,27.84,19.9,1392.5,1055.6,2.166,0.2199
343,59.37,40.8,0.5951,0.5705,0.3728,0.2472,0.1035,26.28,8.2,1500.4,740.7,4.539,0.3932
344,78.26,9.41,0.8875,0.1837,0.6342,0.2257,0.503,38.57,25.56,1476.4,427.9,3.698,0.6061
345,79.51,88.97,0.625,0.4133,0.2398,0.4527,0.6719,22.79,33.24,1411.0,176.4,7.114,0.3148
346,94.6,39.5,0.4975,0.2631,0.7175,0.2395,0.7955,30.63,26.81,1296.5,895.8,7.531,0.5553
347,25.34,68.26,0.459,0.4208,0.7013,0.1385,0.5896,29.69,30.7,1659.1,923.6,1.756,0.4842
348,59.01,14.94,0.4923,0.3061,0.2534,0.5605,0.7738,13.27,18.19,1295.6,832.8,0.801,0.5273
349,9.5,96.15,0.2829,0.4798,0.2143,0.3259,0.3927,14.92,29.13,1742.8,324.2,6.283,0.5855
350,61.62,17.84,0.7563,0.2153,0.2338,0.3281,0.0329,19.84,6.4,1341.2,1104.5,7.959,0.6595
351,17.13,19.95,0.7864,0.5529,0.7122,0.3588,0.1161,14.72,2.39,1712.0,928.5,6.909,0.7649
352,56.5,85.9,0.3991,0.3501,0.3408,0.589,0.0387,17.84,22.96,1763.9,823.5,0.19,0.292
353,57.24,91.26,0.4127,0.478,0.529,0.2925,0.3289,18.68,1.82,1287.7,816.0,2.01,0.4325
354,46.6,21.21,0.812,0.5249,0.4557,0.5548,0.4955,26.14,31.24,1260.7,1094.8,0.347,0.5725
355,52.26,46.98,0.2168,0.5994,0.6773,0.6637,0.3563,12.7,24.2,1864.7,1121.1,6.566,0.4375
356,76.39,73.35,0.5643,0.212,0.4933,0.4965,0.5606,33.15,33.33,1524.1,755.2,4.651,0.3368
357,79.92,87.84,0.5246,0.2434,0.5004,0.359,0.4806,20.31,10.99,1641.2,558.3,4.11,0.2978
358,49.22,37.91,0.6831,0.2252,0.7935,0.5487,0.6779,29.72,17.02,1216.3,500.1,4.436,0.7271
359,59.96,51.7,0.3144,0.2314,0.2901,0.3747,0.667,7.85,25.96,1395.1,1001.0,2.02,0.3096
360,93.12,74.17,0.6678,0.3912,0.6984,0.3487,0.3181,21.45,8.5,1553.8,809.1,4.813,0.3052
361,11.97,73.11,0.4637,0.5968,0.231,0.4152,0.3462,5.99,18.96,1820.4,185.0,0.245,0.3778
362,11.71,78.3,0.6331,0.5951,0.4866,0.2906,0.5851,28.66,23.08,1390.0,256.4,5.168,0.5633
363,8.77,56.99,0.2281,0.3634,0.7318,0.1626,0.5964,17.03,34.26,1742.6,1090.2,5.875,0.459
364,65.79,10.46,0.5232,0.4195,0.5991,0.3489,0.3147,38.22,26.06,1663.5,1072.9,5.384,0.5945
365,41.86,90.4,0.5656,0.53,0.6111,0.1743,0.3303,16.34,4.13,1280.7,1147.0,2.657,0.5973
366,77.43,86.56,0.35,0.5665,0.358,0.3463,0.694,24.73,16.64,1405.4,570.6,6.61,0.3846
367,67.12,79.81,0.2977,0.2019,0.4511,0.4342,0.6474,14.01,20.61,1366.5,962.5,5.724,0.3591
368,33.36,9.99,0.3319,0.3643,0.4199,0.6584,0.1351,26.7,5.13,1509.8,1011.0,1.026,0.7335
369,89.84,20.44,0.4409,0.5164,0.5129,0.1217,0.441,21.35,15.12,1644.7,447.3,1.561,0.4564
370,76.25,74.36,0.2678,0.2516,0.4773,0.4729,0.8927,17.97,9.94,1503.4,259.9,5.097,0.3898
371,27.05,2.31,0.8631,0.3199,0.3961,0.3746,0.0363,12.13,4.16,1371.2,1196.7,2.315,0.7941
372,36.42,97.92,0.4835,0.5928,0.3833,0.1122,0.8552,8.9,17.92,1687.1,133.2,0.955,0.583
373,31.44,37.71,0.7663,0.5925,0.3505,0.2497,0.1632,9.2,5.8,1609.1,757.1,1.24,0.5364
374,15.76,71.93,0.8821,0.5531,0.419,0.1711,0.5072,39.97,20.67,1563.5,815.2,1.325,0.5326
375,14.78,88.76,0.2565,0.4992,0.29,0.2301,0.4243,19.43,5.94,1588.1,850.0,3.822,0.5255
376,93.61,39.46,0.6562,0.2346,0.7233,0.2647,0.0101,5.07,25.33,1355.3,381.2,4.859,0.1571
377,43.79,31.91,0.81,0.2604,0.5613,0.3408,0.9154,38.35,6.83,1676.3,893.7,1.411,0.7546
378,38.33,60.87,0.644,0.3736,0.2803,0.4174,0.4549,5.7,31.37,1471.3,338.0,5.7,0.5155
379,72.97,58.1,0.5003,0.3804,0.6163,0.1006,0.9543,19.65,0.92,1454.4,1011.9,2.248,0.4161
380,55.3,40.91,0.5018,0.3528,0.7086,0.1971,0.2867,30.11,18.27,1304.8,341.0,2.492,0.4508
381,93.61,60.18,0.2251,0.4183,0.3425,0.1561,0.8663,37.01,11.2,1617.8,866.4,1.788,0.4635
382,78.03,93.54,0.5742,0.3042,0.2904,0.4298,0.9224,29.95,7.88,1621.9,961.8,6.282,0.6147
383,47.94,46.76,0.8955,0.4746,0.2052,0.2974,0.5568,21.23,16.51,1438.2,307.8,7.679,0.6913
384,37.64,19.67,0.8711,0.2668,0.2284,0.429,0.2027,39.11,29.47,1801.9,361.8,3.94,0.6665
385,98.66,37.72,0.2283,0.2653,0.6574,0.2331,0.6852,6.38,32.03,1791.8,957.0,0.336,0.2277
386,71.78,39.41,0.6941,0.1636,0.7923,0.1145,0.549,39.54,10.61,1276.3,194.6,2.085,0.5584
387,95.12,13.11,0.4112,0.1944,0.2269,0.6648,0.9445,34.73,5.4,1686.5,309.8,1.264,0.6479
388,11.85,16.29,0.8321,0.5253,0.6488,0.165,0.4393,37.51,25.2,1475.7,601.1,6.742,0.7801
389,85.05,68.46,0.2316,0.3231,0.2431,0.1761,0.2685,13.92,20.37,1899.8,1123.2,0.679,0.1521
390,63.71,33.95,0.8551,0.2139,0.5553,0.1879,0.1383,9.99,7.04,1357.5,718.1,7.732,0.5369
391,12.19,95.49,0.7862,0.4797,0.6536,0.6888,0.6986,28.22,26.61,1396.4,526.4,4.708,0.5982
392,58.83,24.36,0.2823,0.377,0.4155,0.4706,0.9741,23.06,18.16,1509.5,1176.2,4.142,0.6734
393,68.61,9.89,0.2419,0.1106,0.2066,0.4662,0.0283,23.31,22.87,1388.1,610.1,6.779,0.5537
394,1.23,75.35,0.7843,0.2582,0.5571,0.692,0.7404,37.36,12.58,1684.4,577.1,0.22,0.4238
395,45.43,88.1,0.309,0.1885,0.7947,0.1531,0.9269,26.7,15.37,1536.6,552.8,6.217,0.696
396,82.54,27.81,0.5744,0.4279,0.3546,0.6847,0.0748,15.89,6.31,1354.6,443.4,0.933,0.2521
397,29.54,20.21,0.841,0.2375,0.3137,0.2224,0.1102,19.0,26.48,1554.5,458.3,6.726,0.6477
398,45.85,18.58,0.5972,0.1325,0.2744,0.4738,0.692,9.67,5.5,1822.2,856.6,4.233,0.7114
399,44.23,52.2,0.4781,0.1275,0.5332,0.3521,0.648,11.73,27.24,1754.7,144.9,0.489,0.4468
400,30.19,46.84,0.5115,0.3909,0.5579,0.3304,0.0688,10.02,27.93,1549.2,850.0,6.666,0.4935
401,91.84,25.94,0.2442,0.1109,0.6754,0.6587,0.8344,33.36,26.13,1401.9,321.3,0.219,0.4081
402,78.13,4.52,0.8781,0.5244,0.6518,0.1895,0.5234,29.67,0.68,1325.9,522.6,1.107,0.5626
403,11.06,48.15,0.4175,0.1777,0.7355,0.6982,0.9072,23.56,9.56,1814.9,261.2,6.383,0.6566
404,99.7,95.93,0.3326,0.4033,0.6835,0.3275,0.878,18.1,16.39,1697.1,708.0,3.719,0.4678
405,87.92,65.25,0.4002,0.3223,0.3484,0.4893,0.8125,28.4,20.84,1600.5,902.3,7.051,0.4581
406,28.39,49.55,0.8751,0.3214,0.5335,0.6807,0.5159,33.45,32.17,1815.6,490.1,5.083,0.6201
407,83.69,11.07,0.266,0.1359,0.3784,0.1346,0.2517,35.84,13.15,1285.2,279.8,4.988,0.5312
408,10.64,25.24,0.8071,0.5014,0.3979,0.6537,0.506,24.15,30.63,1677.7,349.2,2.338,0.6135
409,99.91,29.48,0.6955,0.5465,0.7592,0.4407,0.1008,33.7,5.72,1351.7,999.9,1.069,0.3272
410,66.57,76.48,0.781,0.1055,0.6091,0.5226,0.6588,22.9,12.99,1284.4,394.4,7.689,0.4962
411,65.01,87.67,0.8831,0.1893,0.7848,0.1895,0.134,21.61,1.83,1525.9,952.2,0.838,0.4773
412,9.04,90.16,0.7895,0.552,0.4501,0.42,0.5112,35.29,25.99,1471.2,464.3,4.232,0.5608
413,89.7,98.46,0.8604,0.3747,0.5225,0.5041,0.0544,18.52,5.27,1858.8,307.6,2.181,0.2777
414,2.9,98.24,0.2889,0.175,0.4923,0.3737,0.2995,18.86,9.0,1426.8,900.0,2.113,0.5175
415,24.08,95.3,0.7571,0.2014,0.2644,0.193,0.2321,15.67,27.13,1770.4,615.4,4.757,0.6247
416,14.3,7.18,0.582,0.43,0.342,0.2465,0.62,23.15,18.72,1724.2,134.4,6.383,0.8765
417,77.68,13.78,0.5804,0.4624,0.5166,0.6126,0.7868,24.07,0.49,1667.5,1155.9,6.217,0.5614
418,19.82,30.45,0.8292,0.3997,0.2404,0.1207,0.0573,28.12,0.08,1844.3,262.5,6.95,0.7957
419,91.06,55.29,0.8803,0.5766,0.7589,0.5253,0.8503,20.07,17.87,1485.5,488.7,2.343,0.4491
420,65.63,9.7,0.6934,0.347,0.2743,0.6996,0.8608,12.62,10.67,1472.8,523.3,3.726,0.6544
421,3.62,84.58,0.5381,0.2501,0.3188,0.1045,0.3423,35.34,6.31,1312.7,638.4,0.075,0.4099
422,0.54,61.68,0.5195,0.3386,0.6592,0.1966,0.659,17.11,21.48,1393.0,964.0,5.975,0.4761
423,5.17,54.24,0.4704,0.2798,0.2582,0.5045,0.4026,37.3,8.0,1815.8,106.7,2.419,0.4729
424,60.59,16.53,0.4531,0.2122,0.7402,0.136,0.1542,12.26,20.73,1532.1,1125.7,4.492,0.5496
425,80.15,25.33,0.4741,0.123,0.6354,0.4539,0.5287,24.6,13.27,1438.9,810.6,1.354,0.3737
426,23.86,16.03,0.2628,0.2761,0.2412,0.5104,0.0864,23.78,6.54,1351.3,1145.7,6.555,0.8044
427,84.94,85.19,0.2542,0.4557,0.6151,0.4529,0.8785,34.0,4.83,1539.5,999.1,6.538,0.4733
428,5.72,58.42,0.7459,0.1092,0.579,0.3191,0.9243,9.86,8.29,1701.7,1120.6,7.02,0.5765
429,80.1,73.51,0.5123,0.3196,0.6544,0.5184,0.8216,36.85,1.04,1400.7,761.1,0.367,0.4603
430,92.78,29.6,0.8515,0.422,0.6969,0.4566,0.5625,23.6,10.78,1730.4,493.0,7.94,0.5577
431,77.21,37.13,0.6286,0.4052,0.631,0.2246,0.5576,25.51,31.57,1640.9,587.2,1.982,0.2871
432,69.81,40.49,0.2246,0.4883,0.5517,0.4379,0.9846,22.86,29.1,1751.3,823.8,2.475,0.3618
433,83.8,76.0,0.3103,0.5053,0.3935,0.6291,0.2479,6.26,13.02,1375.6,569.6,1.995,0.05
434,4.02,77.24,0.3441,0.4559,0.6184,0.5001,0.0759,22.4,20.15,1641.7,904.8,2.14,0.2742
435,20.18,20.68,0.883,0.1514,0.7742,0.3831,0.5619,14.22,19.86,1307.6,201.0,4.421,0.7285
436,12.49,94.15,0.3531,0.3375,0.5525,0.293,0.3288,16.99,29.01,1454.7,1013.0,1.918,0.4941
437,50.45,12.07,0.561,0.4017,0.5986,0.1515,0.3223,27.72,8.27,1707.1,324.6,3.15,0.673
438,74.52,89.61,0.8553,0.2228,0.4623,0.2468,0.0071,22.42,10.37,1642.2,1138.3,5.245,0.3852
439,63.0,10.04,0.884,0.1213,0.6537,0.1067,0.5962,8.26,10.56,1331.5,271.1,6.688,0.6011
440,85.11,26.45,0.3655,0.2118,0.7986,0.692,0.264,7.56,1.43,1800.8,242.1,5.542,0.4142
441,15.52,84.65,0.2344,0.3274,0.2962,0.2335,0.1879,11.5,11.01,1237.3,993.1,4.755,0.4495
442,73.46,17.95,0.3075,0.307,0.3214,0.5889,0.0404,11.68,30.73,1616.7,1000.6,1.182,0.3154
443,19.3,41.36,0.2443,0.1883,0.5237,0.2012,0.3644,26.29,31.92,1888.7,912.6,6.529,0.7238
444,27.08,44.99,0.3366,0.5122,0.4888,0.2702,0.879,11.22,3.84,1572.1,1156.6,0.298,0.5505
445,70.99,24.53,0.598,0.5628,0.5429,0.351,0.3367,35.86,16.03,1760.5,397.6,2.114,0.4599
446,98.02,71.02,0.8387,0.2007,0.2294,0.2946,0.6791,12.34,13.35,1616.6,1009.3,0.456,0.3096
447,61.15,85.13,0.5761,0.5648,0.4426,0.579,0.7565,8.19,17.13,1748.2,487.2,5.339,0.3573
448,5.45,87.46,0.6382,0.1089,0.5498,0.6746,0.3281,35.65,19.42,1658.9,691.1,2.947,0.5253
449,61.63,33.93,0.3413,0.5625,0.5511,0.6252,0.8216,15.34,0.71,1683.8,590.2,5.216,0.6834
450,4.24,53.09,0.7604,0.576,0.5944,0.1921,0.6919,19.89,29.48,1359.5,106.4,2.776,0.4411
451,88.41,24.84,0.6325,0.106,0.6321,0.566,0.5592,38.57,34.08,1719.3,731.9,3.646,0.4733
452,70.96,24.48,0.8049,0.4815,0.5849,0.1888,0.001,38.05,22.87,1366.5,922.3,3.664,0.5176
453,17.31,16.13,0.8642,0.5851,0.6741,0.648,0.0351,30.02,23.12,1886.4,292.0,0.365,0.7009
454,9.17,94.0,0.4435,0.553,0.5749,0.4107,0.9909,7.41,18.48,1359.5,1124.8,3.442,0.5719
455,18.35,88.8,0.2634,0.5854,0.5225,0.3018,0.7823,25.77,11.7,1365.7,683.4,5.129,0.6757
456,98.0,77.74,0.3582,0.3752,0.5637,0.1942,0.9376,39.62,5.21,1801.1,296.1,4.368,0.4753
457,45.86,51.77,0.5065,0.1391,0.2607,0.1071,0.9023,38.14,20.44,1370.1,810.5,0.602,0.6435
458,78.41,49.06,0.862,0.5249,0.3639,0.2488,0.0204,8.71,1.57,1452.6,311.1,5.344,0.2065
459,63.64,52.97,0.4648,0.4069,0.5164,0.6484,0.7918,18.86,28.86,1700.2,169.9,2.471,0.3426
460,57.24,53.66,0.7395,0.4074,0.7238,0.5784,0.4511,16.04,14.73,1311.1,853.8,0.115,0.3466
461,14.51,43.46,0.5783,0.3086,0.6074,0.6819,0.7896,9.54,14.52,1311.4,221.8,1.245,0.533
462,94.6,13.18,0.328,0.3859,0.2542,0.1605,0.0067,29.32,11.45,1540.5,216.8,3.98,0.487
463,30.13,12.57,0.4245,0.1768,0.5554,0.4553,0.2882,14.58,33.93,1370.6,913.9,2.483,0.7525
464,57.8,95.22,0.6572,0.4699,0.333,0.2543,0.7513,17.07,6.12,1365.0,160.7,5.555,0.5787
465,69.98,48.2,0.671,0.1375,0.6404,0.4258,0.793,8.16,5.3,1206.5,990.7,1.925,0.3494
466,64.92,95.32,0.5043,0.4649,0.6965,0.2923,0.6197,22.43,5.79,1459.3,975.8,6.182,0.5907
467,94.06,16.36,0.3601,0.5245,0.5561,0.2701,0.3013,10.54,23.05,1422.8,255.5,2.292,0.3696
468,14.84,55.44,0.7053,0.3362,0.5548,0.4443,0.3104,20.12,34.72,1221.8,670.2,4.967,0.5314
469,50.84,20.77,0.3182,0.3549,0.4032,0.21,0.9668,10.02,8.24,1634.9,206.3,6.394,0.7844
470,40.4,25.32,0.8557,0.2561,0.4678,0.3815,0.4392,38.38,31.7,1638.7,795.8,3.084,0.6712
471,47.42,3.01,0.3315,0.5847,0.7185,0.4905,0.4471,10.07,9.75,1249.6,169.2,0.374,0.5418
472,11.92,11.9,0.2751,0.4666,0.634,0.1769,0.5523,23.27,22.68,1421.9,1138.9,4.284,0.6516
473,13.41,91.68,0.5484,0.2845,0.5119,0.6584,0.4095,11.89,1.42,1811.0,328.5,7.963,0.5726
474,27.81,32.15,0.5637,0.1874,0.4209,0.4034,0.5527,7.67,17.35,1607.5,851.2,7.752,0.7478
475,30.47,60.81,0.5557,0.2098,0.2302,0.5917,0.4323,12.08,22.91,1488.4,241.1,1.768,0.3891
476,42.79,46.5,0.5057,0.332,0.2858,0.4923,0.8267,6.92,18.77,1525.6,330.6,6.046,0.6769
477,61.1,40.05,0.8964,0.5713,0.3158,0.526,0.9091,9.88,8.32,1345.8,596.0,2.76,0.5094
478,63.46,53.19,0.5404,0.4671,0.424,0.5297,0.9321,22.27,29.0,1768.3,730.4,1.282,0.3582
479,41.18,18.72,0.5346,0.2076,0.7665,0.6251,0.5643,27.81,33.95,1839.8,1198.7,5.327,0.6835
480,40.88,98.86,0.4952,0.5298,0.5031,0.4682,0.4421,8.06,16.07,1837.5,128.5,4.007,0.5974
481,21.76,81.83,0.2468,0.2891,0.3409,0.2669,0.7052,20.44,22.26,1356.8,100.3,4.314,0.5555
482,58.83,74.16,0.6151,0.5259,0.2635,0.1597,0.8383,25.34,27.66,1417.5,485.4,6.619,0.4389
483,31.7,46.88,0.3596,0.2208,0.403,0.4638,0.563,13.2,8.45,1312.4,502.8,2.692,0.6671
484,3.61,15.29,0.6463,0.4093,0.6894,0.1398,0.7,18.02,30.26,1415.0,1072.2,5.337,0.6736
485,41.84,92.07,0.2356,0.5633,0.43,0.2448,0.7497,7.51,9.81,1433.0,1103.8,2.93,0.5716
486,47.41,34.14,0.887,0.2289,0.6635,0.1364,0.6764,12.7,27.15,1643.2,1068.6,0.342,0.528
487,22.56,5.01,0.5283,0.4465,0.6816,0.4293,0.7461,21.34,3.92,1332.8,257.5,3.024,0.8743
488,57.25,34.24,0.8277,0.5937,0.2665,0.1962,0.2086,39.67,10.09,1843.6,553.3,7.6,0.6729
489,56.58,79.45,0.5329,0.1753,0.5652,0.4662,0.4984,39.87,18.68,1272.2,920.5,3.866,0.4537
490,70.2,62.27,0.2422,0.1442,0.7755,0.5745,0.5883,39.29,18.37,1204.8,443.9,0.866,0.443
491,64.79,75.08,0.7755,0.4371,0.4413,0.5931,0.0025,19.81,29.77,1798.5,829.6,5.503,0.2097
492,65.24,79.36,0.6537,0.2699,0.2306,0.2857,0.856,7.82,34.86,1692.6,360.9,7.707,0.451
493,31.62,21.2,0.7472,0.1356,0.754,0.4294,0.61,16.33,3.75,1448.8,455.8,7.264,0.8618
494,78.74,92.38,0.4997,0.3377,0.7302,0.4378,0.1291,13.32,9.5,1616.8,1046.5,4.576,0.3199
495,54.91,43.8,0.6466,0.4769,0.5133,0.3837,0.8164,5.49,12.52,1356.5,375.6,3.01,0.5304
496,43.14,63.9,0.7994,0.2426,0.5314,0.4931,0.7171,8.33,16.76,1317.9,1160.8,4.645,0.5806
497,62.6,0.23,0.6417,0.2675,0.327,0.2261,0.7583,20.86,17.29,1529.8,436.9,6.527,0.6598
498,36.07,99.34,0.4434,0.5228,0.6917,0.6875,0.392,16.89,29.97,1447.2,125.9,6.89,0.6725
499,51.27,28.09,0.6638,0.36,0.4992,0.1588,0.8542,11.31,26.97,1630.7,380.4,6.551,0.7426
